timestamp,run_id,device,model,quant,n_ctx,threads,rep,prompt_id,fixed_len,n_prompt,n_out,load_s,ttft_s,prefill_tps,decode_tps,decode_tps_client,itl_p50_ms,itl_p95_ms,itl_max_ms,rss_mb,peak_rss_mb,batt_start_pct,batt_end_pct,batt_temp_c,plugged,cpu_temp_c,llama_cpp_build,gguf_sha256
2026-10-03T15:59:02,20261003-155842,laptop,Qwen3-1.7B-Q4_K_M.gguf,Q4_K_M,2048,8,1,qa_short_1,True,26,128,2.45,0.438,65.3,15.8,15.8,61.1,73.8,99.2,2016.0,2016.0,,,,,,11370,b139949c5bd74937ad8ed8c8cf3d9ffb1e99c866c823204dc42c0d91fa181897
2026-10-03T15:59:10,20261003-155842,laptop,Qwen3-1.7B-Q4_K_M.gguf,Q4_K_M,2048,8,1,qa_short_2,True,22,128,2.45,0.195,124.3,17.23,17.23,57.6,61.9,64.4,2033.0,2033.0,,,,,,11370,b139949c5bd74937ad8ed8c8cf3d9ffb1e99c866c823204dc42c0d91fa181897
2026-10-03T15:59:19,20261003-155842,laptop,Qwen3-1.7B-Q4_K_M.gguf,Q4_K_M,2048,8,1,reason_1,True,48,128,2.45,0.39,131.0,17.15,17.15,57.4,65.7,67.5,2052.0,2052.0,,,,,,11370,b139949c5bd74937ad8ed8c8cf3d9ffb1e99c866c823204dc42c0d91fa181897
2026-10-03T15:59:28,20261003-155842,laptop,Qwen3-1.7B-Q4_K_M.gguf,Q4_K_M,2048,8,1,reason_2,True,45,128,2.45,0.397,127.0,17.11,17.11,57.9,63.9,66.6,2071.0,2071.0,,,,,,11370,b139949c5bd74937ad8ed8c8cf3d9ffb1e99c866c823204dc42c0d91fa181897
2026-10-03T15:59:37,20261003-155842,laptop,Qwen3-1.7B-Q4_K_M.gguf,Q4_K_M,2048,8,1,instr_1,True,31,128,2.45,0.285,128.9,17.34,17.34,57.0,61.2,75.2,2090.0,2090.0,,,,,,11370,b139949c5bd74937ad8ed8c8cf3d9ffb1e99c866c823204dc42c0d91fa181897
2026-10-03T15:59:46,20261003-155842,laptop,Qwen3-1.7B-Q4_K_M.gguf,Q4_K_M,2048,8,1,json_1,True,41,128,2.45,0.352,131.5,16.86,16.86,57.3,65.0,119.5,2107.0,2107.0,,,,,,11370,b139949c5bd74937ad8ed8c8cf3d9ffb1e99c866c823204dc42c0d91fa181897
2026-10-03T15:59:54,20261003-155842,laptop,Qwen3-1.7B-Q4_K_M.gguf,Q4_K_M,2048,8,1,code_1,True,33,128,2.45,0.296,129.4,17.17,17.17,57.5,63.1,73.9,2126.0,2126.0,,,,,,11370,b139949c5bd74937ad8ed8c8cf3d9ffb1e99c866c823204dc42c0d91fa181897
2026-10-03T16:00:03,20261003-155842,laptop,Qwen3-1.7B-Q4_K_M.gguf,Q4_K_M,2048,8,1,write_1,True,38,128,2.45,0.324,134.0,17.51,16.54,57.0,60.1,177.2,2143.0,2143.0,,,,,,11370,b139949c5bd74937ad8ed8c8cf3d9ffb1e99c866c823204dc42c0d91fa181897
2026-10-03T16:00:13,20261003-155842,laptop,Qwen3-1.7B-Q4_K_M.gguf,Q4_K_M,2048,8,1,summ_medium,True,155,128,2.45,1.673,94.7,16.68,16.68,58.6,64.9,87.1,2172.0,2172.0,,,,,,11370,b139949c5bd74937ad8ed8c8cf3d9ffb1e99c866c823204dc42c0d91fa181897
2026-10-03T16:00:27,20261003-155842,laptop,Qwen3-1.7B-Q4_K_M.gguf,Q4_K_M,2048,8,1,summ_long,True,329,128,2.45,3.989,83.5,14.59,14.59,64.3,83.9,128.8,2221.0,2221.0,,,,,,11370,b139949c5bd74937ad8ed8c8cf3d9ffb1e99c866c823204dc42c0d91fa181897
2026-10-03T16:00:36,20261003-155842,laptop,Qwen3-1.7B-Q4_K_M.gguf,Q4_K_M,2048,8,2,qa_short_1,True,26,128,2.45,0.228,131.7,15.83,15.83,58.4,78.6,97.7,2271.0,2271.0,,,,,,11370,b139949c5bd74937ad8ed8c8cf3d9ffb1e99c866c823204dc42c0d91fa181897
2026-10-03T16:00:47,20261003-155842,laptop,Qwen3-1.7B-Q4_K_M.gguf,Q4_K_M,2048,8,2,qa_short_2,True,22,128,2.45,0.21,115.8,12.9,12.9,69.4,115.8,278.0,2271.0,2271.0,,,,,,11370,b139949c5bd74937ad8ed8c8cf3d9ffb1e99c866c823204dc42c0d91fa181897
2026-10-03T16:00:58,20261003-155842,laptop,Qwen3-1.7B-Q4_K_M.gguf,Q4_K_M,2048,8,2,reason_1,True,48,128,2.45,0.599,87.4,14.29,14.29,65.7,97.8,143.1,2252.0,2271.0,,,,,,11370,b139949c5bd74937ad8ed8c8cf3d9ffb1e99c866c823204dc42c0d91fa181897
2026-10-03T16:01:08,20261003-155842,laptop,Qwen3-1.7B-Q4_K_M.gguf,Q4_K_M,2048,8,2,reason_2,True,45,128,2.45,0.419,120.2,14.48,14.48,64.3,96.1,157.6,2252.0,2271.0,,,,,,11370,b139949c5bd74937ad8ed8c8cf3d9ffb1e99c866c823204dc42c0d91fa181897
2026-10-03T16:01:20,20261003-155842,laptop,Qwen3-1.7B-Q4_K_M.gguf,Q4_K_M,2048,8,2,instr_1,True,31,128,2.45,0.377,99.1,12.32,12.32,75.9,122.9,194.8,2271.0,2271.0,,,,,,11370,b139949c5bd74937ad8ed8c8cf3d9ffb1e99c866c823204dc42c0d91fa181897
2026-10-03T16:01:30,20261003-155842,laptop,Qwen3-1.7B-Q4_K_M.gguf,Q4_K_M,2048,8,2,json_1,True,41,128,2.45,0.78,55.0,15.89,15.89,60.9,73.7,85.3,2271.0,2271.0,,,,,,11370,b139949c5bd74937ad8ed8c8cf3d9ffb1e99c866c823204dc42c0d91fa181897
2026-10-03T16:01:39,20261003-155842,laptop,Qwen3-1.7B-Q4_K_M.gguf,Q4_K_M,2048,8,2,code_1,True,33,128,2.45,0.283,130.5,15.82,15.82,59.6,74.3,228.7,2271.0,2271.0,,,,,,11370,b139949c5bd74937ad8ed8c8cf3d9ffb1e99c866c823204dc42c0d91fa181897
2026-10-03T16:01:49,20261003-155842,laptop,Qwen3-1.7B-Q4_K_M.gguf,Q4_K_M,2048,8,2,write_1,True,38,128,2.45,0.52,78.0,15.63,14.77,62.0,79.0,222.6,2271.0,2271.0,,,,,,11370,b139949c5bd74937ad8ed8c8cf3d9ffb1e99c866c823204dc42c0d91fa181897
2026-10-03T16:02:00,20261003-155842,laptop,Qwen3-1.7B-Q4_K_M.gguf,Q4_K_M,2048,8,2,summ_medium,True,155,128,2.45,1.802,89.1,14.83,14.83,62.9,95.0,177.9,2240.0,2271.0,,,,,,11370,b139949c5bd74937ad8ed8c8cf3d9ffb1e99c866c823204dc42c0d91fa181897
2026-10-03T16:02:14,20261003-155842,laptop,Qwen3-1.7B-Q4_K_M.gguf,Q4_K_M,2048,8,2,summ_long,True,329,128,2.45,3.962,84.4,14.93,14.93,63.7,77.8,171.9,2221.0,2271.0,,,,,,11370,b139949c5bd74937ad8ed8c8cf3d9ffb1e99c866c823204dc42c0d91fa181897
2026-10-03T16:02:23,20261003-155842,laptop,Qwen3-1.7B-Q4_K_M.gguf,Q4_K_M,2048,8,3,qa_short_1,True,26,128,2.45,0.249,130.2,16.64,16.64,57.4,73.0,89.9,2271.0,2271.0,,,,,,11370,b139949c5bd74937ad8ed8c8cf3d9ffb1e99c866c823204dc42c0d91fa181897
2026-10-03T16:02:31,20261003-155842,laptop,Qwen3-1.7B-Q4_K_M.gguf,Q4_K_M,2048,8,3,qa_short_2,True,22,128,2.45,0.184,126.0,16.82,16.82,58.1,65.6,98.2,2271.0,2271.0,,,,,,11370,b139949c5bd74937ad8ed8c8cf3d9ffb1e99c866c823204dc42c0d91fa181897
2026-10-03T16:02:40,20261003-155842,laptop,Qwen3-1.7B-Q4_K_M.gguf,Q4_K_M,2048,8,3,reason_1,True,48,128,2.45,0.422,124.1,17.05,17.05,58.1,61.9,80.9,2252.0,2271.0,,,,,,11370,b139949c5bd74937ad8ed8c8cf3d9ffb1e99c866c823204dc42c0d91fa181897
2026-10-03T16:02:49,20261003-155842,laptop,Qwen3-1.7B-Q4_K_M.gguf,Q4_K_M,2048,8,3,reason_2,True,45,128,2.45,0.451,111.5,16.6,16.6,58.8,68.4,90.0,2252.0,2271.0,,,,,,11370,b139949c5bd74937ad8ed8c8cf3d9ffb1e99c866c823204dc42c0d91fa181897
2026-10-03T16:02:58,20261003-155842,laptop,Qwen3-1.7B-Q4_K_M.gguf,Q4_K_M,2048,8,3,instr_1,True,31,128,2.45,0.27,133.9,16.79,16.79,57.6,69.4,173.5,2271.0,2271.0,,,,,,11370,b139949c5bd74937ad8ed8c8cf3d9ffb1e99c866c823204dc42c0d91fa181897
2026-10-03T16:03:07,20261003-155842,laptop,Qwen3-1.7B-Q4_K_M.gguf,Q4_K_M,2048,8,3,json_1,True,41,128,2.45,0.355,127.6,16.3,16.3,59.8,70.3,118.4,2271.0,2271.0,,,,,,11370,b139949c5bd74937ad8ed8c8cf3d9ffb1e99c866c823204dc42c0d91fa181897
2026-10-03T16:03:16,20261003-155842,laptop,Qwen3-1.7B-Q4_K_M.gguf,Q4_K_M,2048,8,3,code_1,True,33,128,2.45,0.258,132.9,17.39,17.39,57.3,60.3,68.2,2271.0,2271.0,,,,,,11370,b139949c5bd74937ad8ed8c8cf3d9ffb1e99c866c823204dc42c0d91fa181897
2026-10-03T16:03:25,20261003-155842,laptop,Qwen3-1.7B-Q4_K_M.gguf,Q4_K_M,2048,8,3,write_1,True,38,128,2.45,0.321,130.8,16.42,15.52,59.4,83.2,171.2,2271.0,2271.0,,,,,,11370,b139949c5bd74937ad8ed8c8cf3d9ffb1e99c866c823204dc42c0d91fa181897
2026-10-03T16:03:36,20261003-155842,laptop,Qwen3-1.7B-Q4_K_M.gguf,Q4_K_M,2048,8,3,summ_medium,True,155,128,2.45,1.665,95.3,16.2,16.2,60.4,68.5,92.6,2240.0,2271.0,,,,,,11370,b139949c5bd74937ad8ed8c8cf3d9ffb1e99c866c823204dc42c0d91fa181897
2026-10-03T16:03:49,20261003-155842,laptop,Qwen3-1.7B-Q4_K_M.gguf,Q4_K_M,2048,8,3,summ_long,True,329,128,2.45,3.824,86.8,15.55,15.55,62.8,73.1,110.0,2221.0,2271.0,,,,,,11370,b139949c5bd74937ad8ed8c8cf3d9ffb1e99c866c823204dc42c0d91fa181897
