run_id,prompt_id,category,pass,tokens,output
20261003-194922,fact_capital,factual,True,7,The capital of Australia is Canberra.
20261003-194922,fact_gold,factual,True,1,Au
20261003-194922,fact_author,factual,True,12,"Jane Austen wrote ""Pride and Prejudice."""
20261003-194922,fact_planet,factual,True,3,Jupiter.
20261003-194922,fact_moon,factual,True,5,1969.
20261003-194922,fact_unknown,factual,True,74,"The fictional country of Zorblax does not exist in reality, and there is no widely recognized capital city for it. If you're referring to a specific fictional work, such as a book, movie, or game, the capital city would depend on that context. However, based on the information provided, there is no known capital city for Zorblax."
20261003-194922,math_mult,math,True,53,"17 × 23 = 391  
Explanation: 17 × 20 = 340, 17 × 3 = 51, so 340 + 51 = 391."
20261003-194922,math_train,math,True,59,"The train travels 180 km at 60 km/h.  
Time taken = $ \frac{180}{60} = 3 $ hours.  

It leaves at 3:15 PM, so it arrives at **6:15 PM**."
20261003-194922,math_widgets,math,True,58,"The answer is **5 minutes**.

Explanation: If 5 machines take 5 minutes to make 5 widgets, then each machine makes 1 widget in 5 minutes. Therefore, 100 machines would take the same 5 minutes to make 100 widgets."
20261003-194922,math_discount,math,True,8,The new price is $30.
20261003-194922,math_sequence,math,True,25,"The sequence is a geometric progression with a common ratio of 3.  
The next number is **162**."
20261003-194922,math_sheep,math,True,17,"17 - 9 = 8. So, 8 sheep are left."
20261003-194922,instr_bullets,instruction,True,19,"- Improves cardiovascular health  
- Enhances mental well-being  
- Increases muscle strength and flexibility"
20261003-194922,instr_yesno,instruction,False,1,yes
20261003-194922,instr_7words,instruction,False,20,The ocean covers nearly 70% of Earth's surface and is home to diverse marine life.
20261003-194922,instr_caps,instruction,False,1,banana
20261003-194922,instr_colors,instruction,True,5,"red,blue,green"
20261003-194922,instr_french,instruction,True,3,Bonjour matin
20261003-194922,json_movie,structured,True,27,"{""title"": ""Eclipse of the Heart"", ""year"": 2025, ""rating"": 8.7}"
20261003-194922,json_primes,structured,True,16,"[2, 3, 5, 7, 11]"
20261003-194922,json_ab,structured,True,18,"{""a"": 1, ""b"": [1, 2, 3]}"
20261003-194922,code_even,code,True,41,"Here's a Python function named `is_even` that returns `True` if `n` is even:

```python
def is_even(n):
    return n % 2 == 0
```"
20261003-194922,code_reverse,code,True,35,"The shortest way to reverse a string in Python is:

```python
s[::-1]
```

This uses slicing with a step of `-1` to reverse the string."
20261003-194922,code_sql,code,True,15,"```sql
SELECT * FROM users WHERE age > 30;
```"
20261003-194922,read_fruit,reading,True,14,Maria bought 3 + 4 = 7 pieces of fruit.
20261003-194922,read_meeting,reading,True,2,Thursday.
